insert into polic.private_clinics
VALUES
	(459813, 'Медицинский центр "Здоровье"', 2),
    (729645, 'Поликлиника "Медик"', 2),
    (186532, 'Центр здоровья "Солнечный"', 2),
    (542198, 'Медицинский комплекс "Витал"', 2),
    (315987, 'Поликлиника "Забота"', 2),
    (874256, 'Медицинский центр "Профилактика"', 2),
    (961357, 'Клиника "Здоровый образ жизни"', 2),
    (287413, 'Поликлиника "Медицинский спектр"', 2),
    (643785, 'Медицинский центр "Доктор"', 2),
    (519376, 'Центр медицинской помощи "Спасение"', 2);

insert INTO polic.employees
VALUES
	(101, 'Иванова', 'Анна', 3),
	(102, 'Петров', 'Владимир', 1),
	(103, 'Сидорова', 'Екатерина', 5),
	(104, 'Козлова', 'Мария', 2),
	(105, 'Смирнов', 'Алексей', 4),
	(106, 'Кузнецова', 'Ольга', 1),
	(107, 'Николаев', 'Дмитрий', 3),
	(108, 'Михайлова', 'Елена', 10),
	(109, 'Васильев', 'Иван', 6),
	(110, 'Белова', 'Лариса', 4);
    
INSERT INTO polic.clinic_addresses
VALUES
	('ул. Советская, 10', 459813, '09:00', '18:00'),
	('пр. Независимости, 25', 729645, '08:00', '17:00'),
	('ул. Пушкина, 7', 186532, '10:00', '19:00'),
	('ул. Гагарина, 15', 542198, '11:00', '20:00'),
	('ул. Ленина, 12', 315987, '12:00', '21:00'),
	('пр. Победы, 8', 874256, '07:00', '16:00'),
	('ул. Кирова, 5', 961357, '08:30', '17:30'),
	('ул. Комсомольская, 12', 287413, '09:30', '18:30'),
	('ул. Лермонтова, 9', 643785, '10:30', '19:30'),
	('ул. Толстого, 5', 519376, '11:30', '20:30'),
	('ул. Садовая, 3', 459813, '08:00', '17:00'),
	('пр. Ленина, 18', 729645, '09:00', '18:00'),
	('ул. Гоголя, 10', 186532, '10:00', '19:00'),
	('ул. Фрунзе, 12', 542198, '11:00', '20:00'),
	('ул. Маяковского, 7', 315987, '12:00', '21:00'),
	('пр. Стачки, 5', 874256, '07:30', '16:30'),
	('ул. Петрова, 9', 961357, '08:30', '17:30'),
	('ул. Калинина, 8', 287413, '09:30', '18:30'),
	('ул. Горького, 1', 643785, '10:30', '19:30'),
	('ул. Чехова, 4', 519376, '11:30', '20:30');
	
INSERT into polic.connect_employee_and_adsress
VALUES
	('ул. Советская, 10', 101),
	('пр. Независимости, 25', 103),
	('ул. Пушкина, 7', 106),
	('ул. Гагарина, 15', 105),
	('ул. Ленина, 12', 103),
	('пр. Победы, 8', 101),
	('ул. Кирова, 5', 108),
	('ул. Комсомольская, 12', 108),
	('ул. Лермонтова, 9', 107),
	('ул. Толстого, 5', 109),
	('ул. Садовая, 3', 101),
	('пр. Ленина, 18', 110),
	('ул. Гоголя, 10', 106),
	('ул. Фрунзе, 12', 108),
	('ул. Маяковского, 7', 102),
	('пр. Стачки, 5', 105),
	('ул. Петрова, 9', 110),
	('ул. Калинина, 8', 109),
	('ул. Горького, 1', 104),
	('ул. Чехова, 4', 109);

insert into polic.clients
VALUES
	(1234, 'Анна Комарова', 28, 'женский', '+79045613112'),
	(5678, 'Дмитрий Петрвоский', 35, 'мужской', '+79997561402'),
	(9012, 'Елена Гульма', 42, 'женский', '+79056067889'),
	(3456, 'Иван Ильмов', 19, 'мужской', '+79306714889'),
	(7890, 'Мария Третьякова', 56, 'женский', '+79070001311'),
	(2345, 'Павел Шапка', 31, 'мужской', '+79047412314'),
	(6789, 'Светлана Левина', 48, 'женский', '+79506190716'),
	(1238, 'Александр Будько', 25, 'мужской', '+79081023179'),
	(5679, 'Татьяна Кравченко', 39, 'женский', '+79065781409'),
	(9013, 'Виктор Блуд', 47, 'мужской', '+79107945618');
    

insert INTO polic.supplies
VALUES
	('пр. Победы, 8', 0.2, 100000),
    ('ул. Советская, 10', 0, 50000),
    ('ул. Чехова, 4', 0.15, 200000),
    ('ул. Кирова, 5', 0.05, 1000000),
    ('пр. Независимости, 25', 0.07, 45000),
    ('пр. Стачки, 5', 0.1, 120000),
    ('ул. Толстого, 5', 0.15, 300000),
    ('ул. Петрова, 9', 0.1, 178000),
    ('ул. Фрунзе, 12', 0.15, 346000),
    ('ул. Комсомольская, 12', 0, 20000);


INSERT into polic.services
VALUES
	('Прием у гинеколога', 'Для профилактики', 1500),
	('УЗИ органов брюшной полости', 'Для выявления заболеваний', 2000),
	('Консультация кардиолога', 'Для контроля состояния сердечно-сосудистой системы', 1000),
	('Анализ крови на гормоны щитовидной железы', 'Для диагностики нарушений в работе щитовидной железы', 2500),
	('Прием у терапевта', 'Для общего контроля состояния здоровья', 800),
	('УЗИ молочных желез', 'Для выявления заболеваний молочных желез', 1800),
	('Консультация невролога', 'Для выявления и лечения заболеваний нервной системы', 1200),
	('Анализ крови на уровень сахара', 'Для диагностики диабета и контроля уровня сахара в крови', 1500),
	('Прием у офтальмолога', 'Для контроля состояния зрения и выявления заболеваний глаз', 1000),
	('УЗИ почек', 'Для выявления заболеваний почек', 2000),
	('Консультация эндокринолога', 'Для диагностики и лечения заболеваний эндокринной системы', 1200),
	('Анализ крови на уровень холестерина', 'Для контроля уровня холестерина в крови', 1500),
	('Прием у стоматолога', 'Для профилактики и лечения зубов', 800),
	('УЗИ щитовидной железы', 'Для выявления заболеваний щитовидной железы', 1800),
	('Консультация гастроэнтеролога', 'Для диагностики и лечения заболеваний желудочно-кишечного тракта', 1200),
	('Анализ крови на наличие инфекции', 'Для диагностики инфекционных заболеваний', 2000),
	('Прием у отоларинголога', 'Для выявления и лечения заболеваний уха, горла и носа', 1000),
	('УЗИ органов малого таза', 'Для выявления заболеваний органов малого таза', 2000),
	('Консультация аллерголога-иммунолога', 'Для диагностики и лечения аллергических заболеваний и иммунодефицитов', 1200),
	('Анализ крови на наличие опухолевых маркеров', 'Для диагностики онкологических заболеваний', 2500),
	('Прием у пульмонолога', 'Для диагностики и лечения заболеваний легких', 1000),
	('УЗИ сердца', 'Для выявления заболеваний сердца', 2000),
	('Консультация ревматолога', 'Для диагностики и лечения ревматических заболеваний', 1200),
	('Анализ крови на наличие антител к вирусу иммунодефицита человека', 'Для диагностики ВИЧ-инфекции', 2500),
	('Прием у дерматолога', 'Для диагностики и лечения заболеваний кожи', 800),
	('УЗИ лимфатических узлов', 'Для выявления заболеваний лимфатической системы', 2000),
	('Консультация уролога', 'Для диагностики и лечения заболеваний мочеполовой системы', 1200),
	('Анализ крови на уровень железа', 'Для контроля уровня железа в крови и диагностики анемии', 1500),
	('Прием у психотерапевта', 'Для консультации и лечения психологических проблем и заболеваний', 1000),
	('УЗИ щитовидной железы с доплерографией', 'Для выявления заболеваний щитовидной железы с оценкой кровотока', 2500);
    
   
INSERT into polic.cost_of_services
VALUES
  (186532, 'Прием у гинеколога', 2500),
  (315987, 'УЗИ органов брюшной полости', 5000),
  (519376, 'Консультация кардиолога', 1800),
  (874256, 'Анализ крови на гормоны щитовидной железы', 7000),
  (287413, 'Прием у терапевта', 1800),
  (542198, 'УЗИ молочных желез', 4000),
  (961357, 'Консультация невролога', 2500),
  (643785, 'Анализ крови на уровень сахара', 3000),
  (186532, 'Прием у офтальмолога', 2500),
  (519376, 'УЗИ почек', 5000),
  (287413, 'Консультация эндокринолога', 2500),
  (315987, 'Анализ крови на уровень холестерина', 4000),
  (542198, 'Прием у стоматолога', 1800),
  (874256, 'УЗИ щитовидной железы', 7000),
  (961357, 'Консультация гастроэнтеролога', 2500),
  (643785, 'Анализ крови на наличие инфекции', 3000),
  (186532, 'Прием у отоларинголога', 2500),
  (315987, 'УЗИ органов малого таза', 5000),
  (519376, 'Консультация аллерголога-иммунолога', 1800),
  (287413, 'Анализ крови на наличие опухолевых маркеров', 4000),
  (542198, 'Прием у пульмонолога', 1800),
  (874256, 'УЗИ сердца', 7000),
  (961357, 'Консультация ревматолога', 2500),
  (643785, 'Анализ крови на наличие антител к вирусу иммунодефицита человека', 3000),
  (186532, 'Прием у дерматолога', 2500),
  (315987, 'УЗИ лимфатических узлов', 5000),
  (519376, 'Консультация уролога', 1800),
  (287413, 'Анализ крови на уровень железа', 4000),
  (542198, 'Прием у психотерапевта', 1800),
  (874256, 'УЗИ щитовидной железы с доплерографией', 7000),
  (961357, 'Прием у гинеколога', 2500),
  (643785, 'УЗИ органов брюшной полости', 3000),
  (186532, 'Консультация кардиолога', 2500),
  (315987, 'Анализ крови на гормоны щитовидной железы', 5000),
  (519376, 'Прием у терапевта', 1800),
  (287413, 'УЗИ молочных желез', 4000),
  (542198, 'Консультация невролога', 2500),
  (874256, 'Анализ крови на уровень сахара', 7000),
  (961357, 'Прием у офтальмолога', 2500),
  (643785, 'УЗИ почек', 3000),
  (186532, 'Консультация эндокринолога', 2500),
  (315987, 'Анализ крови на уровень холестерина', 5000),
  (519376, 'Прием у стоматолога', 1800),
  (287413, 'УЗИ щитовидной железы', 4000),
  (542198, 'Консультация гастроэнтеролога', 2500),
  (874256, 'Анализ крови на наличие инфекции', 7000),
  (961357, 'Прием у отоларинголога', 2500),
  (643785, 'УЗИ органов малого таза', 3000),
  (186532, 'Консультация аллерголога-иммунолога', 2500),
  (315987, 'Анализ крови на наличие опухолевых маркеров', 5000),
  (519376, 'Прием у пульмонолога', 1800),
  (287413, 'УЗИ сердца', 4000),
  (542198, 'Консультация ревматолога', 2500),
  (874256, 'Анализ крови на наличие антител к вирусу иммунодефицита человека', 7000),
  (961357, 'Прием у дерматолога', 2500),
  (643785, 'УЗИ лимфатических узлов', 3000),
  (186532, 'Консультация уролога', 2500),
  (315987, 'Анализ крови на уровень железа', 5000),
  (519376, 'Прием у психотерапевта', 1800),
  (287413, 'УЗИ щитовидной железы с доплерографией', 4000),
  (542198, 'Прием у гинеколога', 2500),
  (874256, 'УЗИ органов брюшной полости', 7000),
  (961357, 'Консультация кардиолога', 2500),
  (643785, 'Анализ крови на гормоны щитовидной железы', 3000),
  (186532, 'Прием у терапевта', 2500),
  (315987, 'УЗИ молочных желез', 5000),
  (519376, 'Консультация невролога', 1800),
  (287413, 'Анализ крови на уровень сахара', 4000),
  (542198, 'Прием у офтальмолога', 2500),
  (874256, 'УЗИ почек', 7000),
  (961357, 'Консультация эндокринолога', 2500),
  (643785, 'Анализ крови на уровень холестерина', 3000),
  (186532, 'Прием у стоматолога', 2500),
  (315987, 'УЗИ щитовидной железы', 5000),
  (519376, 'Консультация гастроэнтеролога', 1800),
  (287413, 'Анализ крови на наличие инфекции', 4000),
  (542198, 'Прием у отоларинголога', 2500),
  (874256, 'УЗИ органов малого таза', 7000),
  (961357, 'Консультация аллерголога-иммунолога', 2500),
  (643785, 'Анализ крови на наличие опухолевых маркеров', 3000),
  (186532, 'Прием у пульмонолога', 2500),
  (315987, 'УЗИ сердца', 5000),
  (519376, 'Консультация ревматолога', 1800),
  (287413, 'Анализ крови на наличие антител к вирусу иммунодефицита человека', 4000);


INSERT INTO polic.journal
VALUES
	(1234, 'Прием у гинеколога', 186532, 101, '2023-01-01 10:00:00', '2023-01-01 10:30:00'),
  	(1234, 'УЗИ органов брюшной полости', 315987, 104, '2023-01-02 14:30:00', '2023-01-02 14:50:00'),
  	(9012, 'Консультация кардиолога', 519376, 102, '2023-01-03 12:15:00', '2023-01-03 13:15:00'),
  	(3456, 'Анализ крови на гормоны щитовидной железы', 874256, 109, '2023-01-04 09:00:00', '2023-03-04 09:00:00'),
  	(7890, 'Прием у терапевта', 287413, 104, '2023-01-05 11:45:00', '2023-01-05 12:00:00'),
  	(2345, 'УЗИ молочных желез', 542198, 108, '2023-01-06 16:20:00', '2023-01-06 17:00:00'),
  	(6789, 'Консультация невролога', 961357, 105, '2023-01-07 13:30:00', '2023-01-07 13:50:00'),
  	(1238, 'Анализ крови на уровень сахара', 643785, 107, '2023-01-08 10:45:00', '2023-02-08 09:00:00'),
  	(5679, 'Прием у офтальмолога', 186532, 106, '2023-01-09 15:00:00', '2023-01-09 15:30:00'),
  	(9013, 'УЗИ почек', 519376, 104, '2023-01-10 11:00:00', '2023-01-10 11:30:00');
    
 
insert into polic.income_and_expense
VALUES
	('ул. Советская, 10', 'Медицинский центр "Здоровье"', 1000000, 1000000),
	('пр. Независимости, 25', 'Поликлиника "Медик"', 550000,545000),
	('ул. Пушкина, 7', 'Центр здоровья "Солнечный"', 123123, 76190),
	('ул. Гагарина, 15', 'Медицинский комплекс "Витал"', 777777, 800000),
	('ул. Ленина, 12', 'Поликлиника "Забота"', 987456, 1000000),
	('пр. Победы, 8', 'Медицинский центр "Профилактика"', 500000, 300000),
	('ул. Кирова, 5', 'Клиника "Здоровый образ жизни"', 1300000,1200000),
	('ул. Комсомольская, 12', 'Поликлиника "Медицинский спектр"', 5000, 20000),
	('ул. Лермонтова, 9', 'Медицинский центр "Доктор"', 2000000, 1100000),
	('ул. Толстого, 5', 'Центр медицинской помощи "Спасение"', 890000, 300000),
	('ул. Садовая, 3', 'Медицинский центр "Здоровье"', 456900, 430000),
	('пр. Ленина, 18', 'Поликлиника "Медик"', 5000000, 2650000),
	('ул. Гоголя, 10', 'Центр здоровья "Солнечный"', 10000, 30000),
	('ул. Фрунзе, 12', 'Медицинский комплекс "Витал"', 1000000, 346000),
	('ул. Маяковского, 7', 'Поликлиника "Забота"', 700000, 190000),
	('пр. Стачки, 5', 'Медицинский центр "Профилактика"', 190000,200000),
	('ул. Петрова, 9', 'Клиника "Здоровый образ жизни"', 471123, 190000),
	('ул. Калинина, 8', 'Поликлиника "Медицинский спектр"', 300000, 200000),
	('ул. Горького, 1', 'Медицинский центр "Доктор"', 421895, 375120),
	('ул. Чехова, 4', 'Центр медицинской помощи "Спасение"', 1200000, 400000);
